post_id,link_flair_text,Perfume_name,permalink,bottle_cost,clone_of,official_link,official_availability,official_price
1j2p2ed,WTS,PERCEVAL,/r/MontagneParfums/comments/1j2p2ed/wts_bundle/,180,PARFUMS DE MARLY PERCIVAL,/fragrance/perceval-inspired-by-parfums-de-marly-percival,FALSE,$40.00
1j2otuo,WTS,PINEAPPLE FRAIS,/r/MontagneParfums/comments/1j2otuo/wts_pineapple_frais/,36,CREED AVENTUS COLOGNE,/fragrance/pineapplefrais,TRUE,$40.00
1j264km,WTT,LE BONBON,/r/MontagneParfums/comments/1j264km/wttwts_le_bonbon_98/,37,MFK BACCARAT ROUGE 540,/fragrance/le-bonbon-1,TRUE,$40.00
1j220sh,WTS,GALILEAN,/r/MontagneParfums/comments/1j220sh/wts_various_decants_from_ayybraamlmaocoln/,50,MARC ANTOINE BARROIS GANYMEDE EDP,/fragrance/galilean,TRUE,$45.00
1j220sh,WTS,APPLE COGNAC INSIRED BY KILIAN APPLE BRANDY,/r/MontagneParfums/comments/1j220sh/wts_various_decants_from_ayybraamlmaocoln/,50,Unknown,/fragrance/applecognac,TRUE,$40.00
1j220sh,WTS,TORINO 2021,/r/MontagneParfums/comments/1j220sh/wts_various_decants_from_ayybraamlmaocoln/,50,XERJOFF TORINO21,/fragrance/torino-2021,FALSE,$40.00
1j220sh,WTS,CACTI GARDEN,/r/MontagneParfums/comments/1j220sh/wts_various_decants_from_ayybraamlmaocoln/,50,LOUIS VUITTON CACTUS GARDEN,/fragrance/cacti-garden-inspired-by-louis-vuitton-cactus-garden,FALSE,$40.00
1j220sh,WTS,ELYSIAN INTENSE,/r/MontagneParfums/comments/1j220sh/wts_various_decants_from_ayybraamlmaocoln/,50,ROJA ELYSIUM COLOGNE,/fragrance/elysianintense,TRUE,$50.00
1j220sh,WTS,ARCTIC PALACE,/r/MontagneParfums/comments/1j220sh/wts_various_decants_from_ayybraamlmaocoln/,50,MEMO WINTER PALACE,/fragrance/arcticpalace,FALSE,$40.00
1j220sh,WTS,IRISH VERBENA,/r/MontagneParfums/comments/1j220sh/wts_various_decants_from_ayybraamlmaocoln/,50,CREED GREEN IRISH TWEED,/fragrance/irishverbena,TRUE,$40.00
1j1sex6,WTT,ERBA ITALIANA,/r/MontagneParfums/comments/1j1sex6/erba_italiana_le_bonbon_intense_wttwts/,70,XERJOFF ERBA PURA,/fragrance/erba-italiana,TRUE,$40.00
1j1sex6,WTT,LE BONBON INTENSE,/r/MontagneParfums/comments/1j1sex6/erba_italiana_le_bonbon_intense_wttwts/,70,MFK BACCARAT ROUGE 540,/fragrance/le-bonbon-intense,TRUE,$45.00
1j17c4g,WTS,BOBCAT,/r/MontagneParfums/comments/1j17c4g/wts_bobcat/,40,YSL BABYCAT,/fragrance/bobcat,TRUE,$40.00
1j15vqq,WTT,GALILEAN,/r/MontagneParfums/comments/1j15vqq/wttwts_galilean/,39,MARC ANTOINE BARROIS GANYMEDE EDP,/fragrance/galilean,TRUE,$45.00
1j111pc,WTS,BLEU TALISMAN,/r/MontagneParfums/comments/1j111pc/wts_bleu_talisman/,40,EX NIHILO BLUE TALISMAN,/fragrance/u5r9io7pjobrurk43byiz5eojzswz0,FALSE,$45.00
1j0lizx,WTS,AFTERNOON DIVE,/r/MontagneParfums/comments/1j0lizx/wts_afternoon_dive/,40,LOUIS VUITTON AFTERNOON SWIM,/fragrance/afternoon-dive,TRUE,$45.00
1j0gsyf,Sold,WAJAN,/r/MontagneParfums/comments/1j0gsyf/wts_150_bundle/,150,PARFUMS DE MARLY OAJAN,/fragrance/wajan-inspired-by-parfums-de-marly-oajan,TRUE,$45.00
1j0gsyf,Sold,NOVILLO LEATHER,/r/MontagneParfums/comments/1j0gsyf/wts_150_bundle/,150,BDK PARFUMS CREME DE CUIR,/fragrance/novillo-leather,TRUE,$40.00
1j0gsyf,Sold,NOBLE OUD,/r/MontagneParfums/comments/1j0gsyf/wts_150_bundle/,150,PARFUMS DE MARLY HALTANE,/fragrance/noble-oud-inspired-by-parfums-de-marly-haltane,TRUE,$45.00
1j0gsyf,Sold,PARFUM DE CERISE,/r/MontagneParfums/comments/1j0gsyf/wts_150_bundle/,150,TOM FORD LOST CHERRY,/fragrance/parfum-de-cerise,TRUE,$40.00
1j0gsyf,Sold,PERCEVAL,/r/MontagneParfums/comments/1j0gsyf/wts_150_bundle/,150,PARFUMS DE MARLY PERCIVAL,/fragrance/perceval-inspired-by-parfums-de-marly-percival,FALSE,$40.00
1j0gsyf,Sold,VANILLE FRAICHE,/r/MontagneParfums/comments/1j0gsyf/wts_150_bundle/,150,PARFUMS DE MARLY LAYTON,/fragrance/vanille-fraiche,TRUE,$40.00
1j0gsyf,Sold,BOLD EFFECT,/r/MontagneParfums/comments/1j0gsyf/wts_150_bundle/,150,INITIO SIDE EFFECT,/fragrance/bold-effect-inspired-by-initio-side-effect,TRUE,$45.00
1j0a0ks,WTS,CANNOLI,/r/MontagneParfums/comments/1j0a0ks/wts_apple_cognac_cannoli/,35,XERJOFF ITALICA,/fragrance/cannoli,TRUE,$40.00
1j0a0ks,WTS,CANNOLI,/r/MontagneParfums/comments/1j0a0ks/wts_apple_cognac_cannoli/,65,XERJOFF ITALICA,/fragrance/cannoli,TRUE,$40.00
1izocbh,WTT,ELYSIAN COLOGNE,/r/MontagneParfums/comments/1izocbh/wttwts_elysian_cologne/,33,ROJA ELYSIUM COLOGNE,/fragrance/elysiancologne,TRUE,$45.00
1izlwia,WTT,AFTERNOON DIVE,/r/MontagneParfums/comments/1izlwia/wttwts_afternoon_dive_4950ml/,40,LOUIS VUITTON AFTERNOON SWIM,/fragrance/afternoon-dive,TRUE,$45.00
1izhol7,Sold,BLEU TALISMAN,/r/MontagneParfums/comments/1izhol7/wts_blue_talisman_and_torino_21/,65,EX NIHILO BLUE TALISMAN,/fragrance/u5r9io7pjobrurk43byiz5eojzswz0,FALSE,$45.00
1izhol7,Sold,TORINO 2021,/r/MontagneParfums/comments/1izhol7/wts_blue_talisman_and_torino_21/,65,XERJOFF TORINO21,/fragrance/torino-2021,FALSE,$40.00
1iz6mu0,WTS,BUKO INTENSE,/r/MontagneParfums/comments/1iz6mu0/wts_multiple_montagnes/,39,CREED VIRGIN ISLAND WATER,/fragrance/buko-intense,TRUE,$45.00
1iz6mu0,WTS,PINEAPPLE BONBON,/r/MontagneParfums/comments/1iz6mu0/wts_multiple_montagnes/,35,BR 540 AND CREED AVENTUS,/fragrance/pineapplebonbon,TRUE,$40.00
1iz6mu0,WTS,MALAY AKLAN,/r/MontagneParfums/comments/1iz6mu0/wts_multiple_montagnes/,40,CREED MILLESIME IMPERIAL,/fragrance/malayaklan,TRUE,$45.00
1iz6mu0,WTS,TABAC VANILLE,/r/MontagneParfums/comments/1iz6mu0/wts_multiple_montagnes/,37,TOM FORD TOBACCO VANILLE,/fragrance/tabac-vanille,FALSE,$40.00
1iz6mu0,WTS,BOLD EFFECT,/r/MontagneParfums/comments/1iz6mu0/wts_multiple_montagnes/,42,INITIO SIDE EFFECT,/fragrance/bold-effect-inspired-by-initio-side-effect,TRUE,$45.00
1iz6mu0,WTS,PINEAPPLE ABSOLU,/r/MontagneParfums/comments/1iz6mu0/wts_multiple_montagnes/,39,CREED ABSOLU AVENTUS,/fragrance/pineapple-absolu-inspired-by-creed-absolu-aventus,TRUE,$45.00
1iz6mu0,WTS,ANOTHER 14,/r/MontagneParfums/comments/1iz6mu0/wts_multiple_montagnes/,29,LE LABO ANOTHER 13,/fragrance/another-14,TRUE,$40.00
1iz6mu0,WTS,PINEAPPLE MUSK,/r/MontagneParfums/comments/1iz6mu0/wts_multiple_montagnes/,47,CREED AVENTUS,/fragrance/pineapple-musk,TRUE,$60.00
1iz5aob,WTS,NOIR OUD,/r/MontagneParfums/comments/1iz5aob/wtswtt_moi/,35,FRAGRANCE DU BOIS OUD NOIR INTENSE,/fragrance/noiroud,FALSE,$40.00
1iywyhc,WTS,BROOKLYN JAZZ,/r/MontagneParfums/comments/1iywyhc/wts_harmony_imaginary_brooklyn_jazz_wajan/,39,MAISON MARGIELA JAZZ CLUB,/fragrance/brooklynjazz,TRUE,$40.00
1iywyhc,WTS,PINEAPPLE MUSK,/r/MontagneParfums/comments/1iywyhc/wts_harmony_imaginary_brooklyn_jazz_wajan/,59,CREED AVENTUS,/fragrance/pineapple-musk,TRUE,$60.00
1iywyhc,WTS,PINEAPPLE INTENSE,/r/MontagneParfums/comments/1iywyhc/wts_harmony_imaginary_brooklyn_jazz_wajan/,54,CREED AVENTUS,/fragrance/pineapple-intense,TRUE,$55.00
1iywyhc,WTS,HARMONY,/r/MontagneParfums/comments/1iywyhc/wts_harmony_imaginary_brooklyn_jazz_wajan/,45,LOUIS VUITTON SYMPHONY,/fragrance/harmony-inspired-by-louis-vuitton-symphony,FALSE,$45.00
1iywyhc,WTS,WAJAN,/r/MontagneParfums/comments/1iywyhc/wts_harmony_imaginary_brooklyn_jazz_wajan/,45,PARFUMS DE MARLY OAJAN,/fragrance/wajan-inspired-by-parfums-de-marly-oajan,TRUE,$45.00
1iywyhc,WTS,IMAGINARY,/r/MontagneParfums/comments/1iywyhc/wts_harmony_imaginary_brooklyn_jazz_wajan/,50,LOUIS VUITTON IMAGINATION,/fragrance/imaginary-inspired-by-louis-vuitton-imagination,TRUE,$50.00
1iytqly,WTS,LE BONBON INTENSE,/r/MontagneParfums/comments/1iytqly/le_bonbon_le_bonbon_intense_wts_wtt/,41,MFK BACCARAT ROUGE 540,/fragrance/le-bonbon-intense,TRUE,$45.00
1iytqly,WTS,LE BONBON,/r/MontagneParfums/comments/1iytqly/le_bonbon_le_bonbon_intense_wts_wtt/,35,MFK BACCARAT ROUGE 540,/fragrance/le-bonbon-1,TRUE,$40.00
1iy5rx2,WTS,ANOTHER 14,/r/MontagneParfums/comments/1iy5rx2/wts_another_14_meteorite_canada/,75,LE LABO ANOTHER 13,/fragrance/another-14,TRUE,$40.00
1iy5rx2,WTS,METEORITE,/r/MontagneParfums/comments/1iy5rx2/wts_another_14_meteorite_canada/,75,LOUIS VUITTON METEORE,/fragrance/meteorite-inspired-by-louis-vuitton-meteore,TRUE,$45.00
1ixks36,Sold,TABAC VANILLE,/r/MontagneParfums/comments/1ixks36/wts_tabac_vanille/,40,TOM FORD TOBACCO VANILLE,/fragrance/tabac-vanille,FALSE,$40.00
1ixkr3h,Sold,TABAC VANILLE,/r/MontagneParfums/comments/1ixkr3h/wts_tabac_vanille_perceval_reformulated/,80,TOM FORD TOBACCO VANILLE,/fragrance/tabac-vanille,FALSE,$40.00
1iwy5a6,WTS,AMBRE MUSC,/r/MontagneParfums/comments/1iwy5a6/wts_imaginary_ambre_musc_parfum_de_cerise/,95,YSL TUXEDO,/fragrance/ambremusc,TRUE,$40.00
1iwy5a6,WTS,PARFUM DE CERISE,/r/MontagneParfums/comments/1iwy5a6/wts_imaginary_ambre_musc_parfum_de_cerise/,95,TOM FORD LOST CHERRY,/fragrance/parfum-de-cerise,TRUE,$40.00
1iwy5a6,WTS,IMAGINARY,/r/MontagneParfums/comments/1iwy5a6/wts_imaginary_ambre_musc_parfum_de_cerise/,95,LOUIS VUITTON IMAGINATION,/fragrance/imaginary-inspired-by-louis-vuitton-imagination,TRUE,$50.00
1iwmfzc,WTS,TORINO 2021,/r/MontagneParfums/comments/1iwmfzc/wts_wtt_torino_22_ships_from_ca/,40,XERJOFF TORINO21,/fragrance/torino-2021,FALSE,$40.00
1iwiqqt,Sold,IMAGINARY,/r/MontagneParfums/comments/1iwiqqt/wts_imaginary_98_full_2_months_old_bottle/,49,LOUIS VUITTON IMAGINATION,/fragrance/imaginary-inspired-by-louis-vuitton-imagination,TRUE,$50.00
1ivuwu3,Sold,VANILLE FRAICHE,/r/MontagneParfums/comments/1ivuwu3/wts_vanille_fraiche_bundle/,25,PARFUMS DE MARLY LAYTON,/fragrance/vanille-fraiche,TRUE,$40.00
1ivuwu3,Sold,SPIRIT OF PEACE,/r/MontagneParfums/comments/1ivuwu3/wts_vanille_fraiche_bundle/,40,BOND NO.9 ESSENCE OF PEACE,/fragrance/spirit-of-peace,FALSE,$40.00
1ivuwu3,Sold,LYRA,/r/MontagneParfums/comments/1ivuwu3/wts_vanille_fraiche_bundle/,15,XERJOFF CASAMORATI LIRA,/fragrance/lyra,TRUE,$40.00
1ivuwu3,Sold,PERCEVAL,/r/MontagneParfums/comments/1ivuwu3/wts_vanille_fraiche_bundle/,30,PARFUMS DE MARLY PERCIVAL,/fragrance/perceval-inspired-by-parfums-de-marly-percival,FALSE,$40.00
1ivntv4,WTS,HARMONY,/r/MontagneParfums/comments/1ivntv4/wts_harmony/,35,LOUIS VUITTON SYMPHONY,/fragrance/harmony-inspired-by-louis-vuitton-symphony,FALSE,$45.00
1iv0dta,Sold,MYSTIC OUD,/r/MontagneParfums/comments/1iv0dta/wts/,40,INITIO OUD FOR GREATNESS,/fragrance/mysticoud,FALSE,$45.00
1iv0dta,Sold,ANOTHER 14,/r/MontagneParfums/comments/1iv0dta/wts/,35,LE LABO ANOTHER 13,/fragrance/another-14,TRUE,$40.00
1iv0dta,Sold,IMMENSITY,/r/MontagneParfums/comments/1iv0dta/wts/,40,l'IMMENSITE BY LOUIS VUITTON,/fragrance/immensity-inspired-by-limmensite-by-louis-vuitton,FALSE,$45.00
1iuycm4,Sold,RUE LAFAYETTE,/r/MontagneParfums/comments/1iuycm4/wts_rue_lafayette_and_imaginary/,35,BN9 LAFAYETTE STREET,/fragrance/rue-lafayette-inspired-by-bn9-lafayette-street,TRUE,$45.00
1iuycm4,Sold,IMAGINARY,/r/MontagneParfums/comments/1iuycm4/wts_rue_lafayette_and_imaginary/,35,LOUIS VUITTON IMAGINATION,/fragrance/imaginary-inspired-by-louis-vuitton-imagination,TRUE,$50.00
1iuycm4,Sold,CIEL ELIXIR,/r/MontagneParfums/comments/1iuycm4/wts_rue_lafayette_and_imaginary/,0,DIOR SAUVAGE ELIXIR,/fragrance/ciel-elixir,FALSE,$40.00
1iu5mgc,WTS,DIABLO,/r/MontagneParfums/comments/1iu5mgc/wts_diablo_and_phantom_noir/,35,NARCOTICA DULCE DIABLO,/fragrance/diablo,FALSE,$40.00
1iu5mgc,WTS,PHANTOM NOIR,/r/MontagneParfums/comments/1iu5mgc/wts_diablo_and_phantom_noir/,35,KILIAN BLACK PHANTOM,/fragrance/phantomnoir,TRUE,$40.00
1itml56,Sold,OMBRE NOIR,/r/MontagneParfums/comments/1itml56/wts_ombre_noir_50ml/,52,LOUIS VUITTON OMBRE NOMADE,/fragrance/ombre-noir,TRUE,$60.00
1itf202,WTS,WAJAN,/r/MontagneParfums/comments/1itf202/wts_bundle_monkey_special_tobacco_noir_blue_oud/,40,PARFUMS DE MARLY OAJAN,/fragrance/wajan-inspired-by-parfums-de-marly-oajan,TRUE,$45.00
1itf202,WTS,TOBACCO NOIR,/r/MontagneParfums/comments/1itf202/wts_bundle_monkey_special_tobacco_noir_blue_oud/,35,PARFUMS DE MARLY HEROD,/fragrance/tobacconoir,TRUE,$40.00
1itf202,WTS,MONKEY SPECIAL,/r/MontagneParfums/comments/1itf202/wts_bundle_monkey_special_tobacco_noir_blue_oud/,40,XERJOFF TONY IOMMI MONKEY SPECIAL,/fragrance/monkey-special-inspired-by-xerjoff-tony-iommi-monkey-special,TRUE,$45.00
1itf202,WTS,BLEU OUD,/r/MontagneParfums/comments/1itf202/wts_bundle_monkey_special_tobacco_noir_blue_oud/,35,FRAGRANCE DU BOIS BLEU INTENSE,/fragrance/bleuoud,TRUE,$40.00
1isvhxd,WTS,TYGR,/r/MontagneParfums/comments/1isvhxd/wts/,95,BULGARI TYGAR,/fragrance/tygr,FALSE,$40.00
1isvhxd,WTS,PHANTOM NOIR,/r/MontagneParfums/comments/1isvhxd/wts/,95,KILIAN BLACK PHANTOM,/fragrance/phantomnoir,TRUE,$40.00
1istuey,Sold,TOBACCO NOIR,/r/MontagneParfums/comments/1istuey/wts_tobacco_noir_oud_bois/,65,PARFUMS DE MARLY HEROD,/fragrance/tobacconoir,TRUE,$40.00
1istuey,Sold,OUD BOIS,/r/MontagneParfums/comments/1istuey/wts_tobacco_noir_oud_bois/,65,TOM FORD OUD WOOD,/fragrance/oud-bois,FALSE,$40.00
1is6ylh,WTS,ORANGE OUD,/r/MontagneParfums/comments/1is6ylh/wts_wtt_orange_oud/,30,FRAGRANCE DU BOIS ORANGE INTENSE,/fragrance/orange-oud,TRUE,$40.00
1is2knx,WTT,VANILLE ABSOLUTE,/r/MontagneParfums/comments/1is2knx/wttwts_soleil_brûleé/,38,NISHANE ANI,/fragrance/vanilleabsolute,FALSE,$40.00
1iqwxel,WTS,MYSTIC OUD,/r/MontagneParfums/comments/1iqwxel/wtswtt_a_lot_of_bottles_from_montagne_bottle/,40,INITIO OUD FOR GREATNESS,/fragrance/mysticoud,FALSE,$45.00
1iqwxel,WTS,MYSTIC OUD,/r/MontagneParfums/comments/1iqwxel/wtswtt_a_lot_of_bottles_from_montagne_bottle/,40,INITIO OUD FOR GREATNESS,/fragrance/mysticoud,FALSE,$45.00
1iqwxel,WTS,CIEL ELIXIR,/r/MontagneParfums/comments/1iqwxel/wtswtt_a_lot_of_bottles_from_montagne_bottle/,40,DIOR SAUVAGE ELIXIR,/fragrance/ciel-elixir,FALSE,$40.00
1iqwxel,WTS,CARLYLE,/r/MontagneParfums/comments/1iqwxel/wtswtt_a_lot_of_bottles_from_montagne_bottle/,40,PARFUMS DE MARLY CARLISLE,/fragrance/carlyle-inspired-by-parfums-de-marly-carlisle,TRUE,$45.00
1iqwxel,WTS,PARFUM DE CERISE,/r/MontagneParfums/comments/1iqwxel/wtswtt_a_lot_of_bottles_from_montagne_bottle/,37,TOM FORD LOST CHERRY,/fragrance/parfum-de-cerise,TRUE,$40.00
1iqwxel,WTS,IMAGE,/r/MontagneParfums/comments/1iqwxel/wtswtt_a_lot_of_bottles_from_montagne_bottle/,37,AMOUAGE REFLECTION MAN,/fragrance/image,FALSE,$40.00
1iqwxel,WTS,COGNAC D'ANGE,/r/MontagneParfums/comments/1iqwxel/wtswtt_a_lot_of_bottles_from_montagne_bottle/,37,KILIAN ANGEL'S SHARE,/fragrance/cognacangel,TRUE,$40.00
1iqs2co,WTS,COGNAC D'ANGE,/r/MontagneParfums/comments/1iqs2co/wts_cognac_dange_elysian_cologne_europe/,50,KILIAN ANGEL'S SHARE,/fragrance/cognacangel,TRUE,$40.00
1iqs2co,WTS,ELYSIAN COLOGNE,/r/MontagneParfums/comments/1iqs2co/wts_cognac_dange_elysian_cologne_europe/,55,ROJA ELYSIUM COLOGNE,/fragrance/elysiancologne,TRUE,$45.00
1iq9w12,Sold,BOBCAT,/r/MontagneParfums/comments/1iq9w12/wtswtt_bobcat_and_immensity/,35,YSL BABYCAT,/fragrance/bobcat,TRUE,$40.00
1iq9w12,Sold,IMMENSITY,/r/MontagneParfums/comments/1iq9w12/wtswtt_bobcat_and_immensity/,35,l'IMMENSITE BY LOUIS VUITTON,/fragrance/immensity-inspired-by-limmensite-by-louis-vuitton,FALSE,$45.00
1iq4x9p,Sold,MARINE ZEST,/r/MontagneParfums/comments/1iq4x9p/wtswtt_marine_zest/,39,FRAGRANCE DU BOIS ZEST MARIN,/fragrance/marine-zest-inspired-by-fragrance-du-bois-zest-marin,TRUE,$40.00
1iq4x9p,Sold,GENTLE SILVER,/r/MontagneParfums/comments/1iq4x9p/wtswtt_marine_zest/,0,MFK GENTLE FLUIDITY SILVER,/fragrance/gentle-silver-inspired-by-mfk-gentle-fluidity-silver,TRUE,$45.00
1ipmhth,WTS,IRISH VERBENA,/r/MontagneParfums/comments/1ipmhth/wts_irish_verbena/,35,CREED GREEN IRISH TWEED,/fragrance/irishverbena,TRUE,$40.00
1iop4gb,WTT,MALAY AKLAN,/r/MontagneParfums/comments/1iop4gb/wttwts_malay_aklan_oud_bois/,40,CREED MILLESIME IMPERIAL,/fragrance/malayaklan,TRUE,$45.00
1iop4gb,WTT,MALAY AKLAN,/r/MontagneParfums/comments/1iop4gb/wttwts_malay_aklan_oud_bois/,70,CREED MILLESIME IMPERIAL,/fragrance/malayaklan,TRUE,$45.00
1ioopwp,WTS,IMAGINARY,/r/MontagneParfums/comments/1ioopwp/wts_canadian_buyers_im_selling_these/,,LOUIS VUITTON IMAGINATION,/fragrance/imaginary-inspired-by-louis-vuitton-imagination,TRUE,$50.00
1ioopwp,WTS,GOD OF FIERY,/r/MontagneParfums/comments/1ioopwp/wts_canadian_buyers_im_selling_these/,,SHL 777 GOD OF FIRE,/fragrance/god-of-fiery-inspired-by-god-of-fire-by-shl-777,TRUE,$45.00
1ioopwp,WTS,CHILLY PACIFIC,/r/MontagneParfums/comments/1ioopwp/wts_canadian_buyers_im_selling_these/,,LOUIS VUITTON PACIFIC CHILL,/fragrance/ambre-vanille-inspired-by-parfums-de-marly-althar-1,TRUE,$45.00
1ioopwp,WTS,BUKO INTENSE,/r/MontagneParfums/comments/1ioopwp/wts_canadian_buyers_im_selling_these/,,CREED VIRGIN ISLAND WATER,/fragrance/buko-intense,TRUE,$45.00
1io96xw,Sold,GOD OF FIERY,/r/MontagneParfums/comments/1io96xw/wts_lyra_god_of_fiery/,40,SHL 777 GOD OF FIRE,/fragrance/god-of-fiery-inspired-by-god-of-fire-by-shl-777,TRUE,$45.00
1io96xw,Sold,LYRA,/r/MontagneParfums/comments/1io96xw/wts_lyra_god_of_fiery/,35,XERJOFF CASAMORATI LIRA,/fragrance/lyra,TRUE,$40.00
1io4elq,WTS,ORANGE OUD,/r/MontagneParfums/comments/1io4elq/wts_orange_oud_rich_santal_mm_under_the_lemon_tree/,35,FRAGRANCE DU BOIS ORANGE INTENSE,/fragrance/orange-oud,TRUE,$40.00
1io4elq,WTS,RICH SANTAL,/r/MontagneParfums/comments/1io4elq/wts_orange_oud_rich_santal_mm_under_the_lemon_tree/,35,FRAGRANCE DU BOIS SANTAL COMPLET,/fragrance/richsantal,TRUE,$40.00
1io4elq,WTS,THE 212,/r/MontagneParfums/comments/1io4elq/wts_orange_oud_rich_santal_mm_under_the_lemon_tree/,40,MFK 724,/fragrance/the-212-inspired-by-mfk-724,TRUE,$45.00
1inwrt7,Sold,MONKEY SPECIAL,/r/MontagneParfums/comments/1inwrt7/wtt_wts_monkey_special/,45,XERJOFF TONY IOMMI MONKEY SPECIAL,/fragrance/monkey-special-inspired-by-xerjoff-tony-iommi-monkey-special,TRUE,$45.00
1il03u1,WTT,PINEAPPLE INTENSE,/r/MontagneParfums/comments/1il03u1/wttwts_pineapple_intense_decants/,48,CREED AVENTUS,/fragrance/pineapple-intense,TRUE,$55.00
1il03u1,WTT,EAU DE MONTAGNE,/r/MontagneParfums/comments/1il03u1/wttwts_pineapple_intense_decants/,48,CREED SILVER MOUNTAIN WATER,/fragrance/eaudemontagne,FALSE,$45.00
1il03u1,WTT,GENTLE SILVER,/r/MontagneParfums/comments/1il03u1/wttwts_pineapple_intense_decants/,48,MFK GENTLE FLUIDITY SILVER,/fragrance/gentle-silver-inspired-by-mfk-gentle-fluidity-silver,TRUE,$45.00
1il03u1,WTT,RICH SANTAL,/r/MontagneParfums/comments/1il03u1/wttwts_pineapple_intense_decants/,48,FRAGRANCE DU BOIS SANTAL COMPLET,/fragrance/richsantal,TRUE,$40.00
1il03u1,WTT,BLEU TALISMAN,/r/MontagneParfums/comments/1il03u1/wttwts_pineapple_intense_decants/,48,EX NIHILO BLUE TALISMAN,/fragrance/u5r9io7pjobrurk43byiz5eojzswz0,FALSE,$45.00
1il03u1,WTT,GUSTAVO,/r/MontagneParfums/comments/1il03u1/wttwts_pineapple_intense_decants/,48,ORMONDE JAYNE MONTABACO,/fragrance/gustavo,TRUE,$40.00
1il03u1,WTT,BUKO INTENSE,/r/MontagneParfums/comments/1il03u1/wttwts_pineapple_intense_decants/,48,CREED VIRGIN ISLAND WATER,/fragrance/buko-intense,TRUE,$45.00
1il03u1,WTT,AFTERNOON DIVE,/r/MontagneParfums/comments/1il03u1/wttwts_pineapple_intense_decants/,48,LOUIS VUITTON AFTERNOON SWIM,/fragrance/afternoon-dive,TRUE,$45.00
1il03u1,WTT,BROOKLYN JAZZ,/r/MontagneParfums/comments/1il03u1/wttwts_pineapple_intense_decants/,48,MAISON MARGIELA JAZZ CLUB,/fragrance/brooklynjazz,TRUE,$40.00
1il03u1,WTT,TORINO 2022,/r/MontagneParfums/comments/1il03u1/wttwts_pineapple_intense_decants/,48,XERJOFF TORINO22,/fragrance/torino-2022,FALSE,$40.00
1il03u1,WTT,HUDSON COUNTY,/r/MontagneParfums/comments/1il03u1/wttwts_pineapple_intense_decants/,48,GISSAH HUDSON VALLEY,/fragrance/hudson-county-inspired-by-gissah-hudson-valley,TRUE,$40.00
1il03u1,WTT,LUVRS,/r/MontagneParfums/comments/1il03u1/wttwts_pineapple_intense_decants/,48,LOUIS VUITTON LOVERS,/fragrance/luvrs-inspired-by-louis-vuitton-lovers,FALSE,$45.00
1ikafb9,WTS,MALAY AKLAN,/r/MontagneParfums/comments/1ikafb9/wts_luvrs_malay_aklan_gentle_silver_gof/,40,CREED MILLESIME IMPERIAL,/fragrance/malayaklan,TRUE,$45.00
1ikafb9,WTS,GOD OF FIERY,/r/MontagneParfums/comments/1ikafb9/wts_luvrs_malay_aklan_gentle_silver_gof/,40,SHL 777 GOD OF FIRE,/fragrance/god-of-fiery-inspired-by-god-of-fire-by-shl-777,TRUE,$45.00
1ikafb9,WTS,GENTLE SILVER,/r/MontagneParfums/comments/1ikafb9/wts_luvrs_malay_aklan_gentle_silver_gof/,40,MFK GENTLE FLUIDITY SILVER,/fragrance/gentle-silver-inspired-by-mfk-gentle-fluidity-silver,TRUE,$45.00
1ikafb9,WTS,LUVRS,/r/MontagneParfums/comments/1ikafb9/wts_luvrs_malay_aklan_gentle_silver_gof/,40,LOUIS VUITTON LOVERS,/fragrance/luvrs-inspired-by-louis-vuitton-lovers,FALSE,$45.00
1ik5byq,WTS,CACTI GARDEN,/r/MontagneParfums/comments/1ik5byq/wts_cacti_garden_eau_matcha_georgia_peach_bottle/,36,LOUIS VUITTON CACTUS GARDEN,/fragrance/cacti-garden-inspired-by-louis-vuitton-cactus-garden,FALSE,$40.00
1ik5byq,WTS,EAU MATCHA,/r/MontagneParfums/comments/1ik5byq/wts_cacti_garden_eau_matcha_georgia_peach_bottle/,36,LE LABO THE MATCHA 26,/fragrance/eau-matcha,TRUE,$40.00
1ik5byq,WTS,GEORGIA PEACH,/r/MontagneParfums/comments/1ik5byq/wts_cacti_garden_eau_matcha_georgia_peach_bottle/,36,TOM FORD BITTER PEACH,/fragrance/georgia-peach,TRUE,$40.00
1ijc81h,WTS,AFTERNOON DIVE,/r/MontagneParfums/comments/1ijc81h/wts_afternoon_dive_17oz_bottle/,45,LOUIS VUITTON AFTERNOON SWIM,/fragrance/afternoon-dive,TRUE,$45.00
1iipdur,WTS,ELYSIAN INTENSE,/r/MontagneParfums/comments/1iipdur/wts_elysian_intense_bottle/,25,ROJA ELYSIUM COLOGNE,/fragrance/elysianintense,TRUE,$50.00
1iil8fe,WTS,CARLYLE,/r/MontagneParfums/comments/1iil8fe/wts_carlyle_harmony_ombre_noir_tygr/,35,PARFUMS DE MARLY CARLISLE,/fragrance/carlyle-inspired-by-parfums-de-marly-carlisle,TRUE,$45.00
1iil8fe,WTS,HARMONY,/r/MontagneParfums/comments/1iil8fe/wts_carlyle_harmony_ombre_noir_tygr/,30,LOUIS VUITTON SYMPHONY,/fragrance/harmony-inspired-by-louis-vuitton-symphony,FALSE,$45.00
1iil8fe,WTS,OMBRE NOIR,/r/MontagneParfums/comments/1iil8fe/wts_carlyle_harmony_ombre_noir_tygr/,30,LOUIS VUITTON OMBRE NOMADE,/fragrance/ombre-noir,TRUE,$60.00
1iil8fe,WTS,TYGR,/r/MontagneParfums/comments/1iil8fe/wts_carlyle_harmony_ombre_noir_tygr/,15,BULGARI TYGAR,/fragrance/tygr,FALSE,$40.00
1iidc8a,Sold,AOUD BOUQUET,/r/MontagneParfums/comments/1iidc8a/wts_lightly_used_decantsample_bundle/,4.33,LANCOME OUD BOUQUET,/fragrance/aoud-bouquet,TRUE,$40.00
1iidc8a,Sold,WAJAN,/r/MontagneParfums/comments/1iidc8a/wts_lightly_used_decantsample_bundle/,4.33,PARFUMS DE MARLY OAJAN,/fragrance/wajan-inspired-by-parfums-de-marly-oajan,TRUE,$45.00
1iidc8a,Sold,PALISADE,/r/MontagneParfums/comments/1iidc8a/wts_lightly_used_decantsample_bundle/,4.33,MIND GAMES BLOCKADE,/fragrance/palisade-inspired-by-mind-games-blockade,FALSE,$45.00
1iidc8a,Sold,TYGR COLOGNE,/r/MontagneParfums/comments/1iidc8a/wts_lightly_used_decantsample_bundle/,4.33,BULGARI LE GEMME TYGAR,/fragrance/tygr-cologne,TRUE,$45.00
1iidc8a,Sold,EAU SANTAL,/r/MontagneParfums/comments/1iidc8a/wts_lightly_used_decantsample_bundle/,4.33,LE LABO SANTAL 33,/fragrance/eau-santal,TRUE,$40.00
1iidc8a,Sold,EAU DE MONTAGNE,/r/MontagneParfums/comments/1iidc8a/wts_lightly_used_decantsample_bundle/,4.33,CREED SILVER MOUNTAIN WATER,/fragrance/eaudemontagne,FALSE,$45.00
1iidc8a,Sold,LE BONBON INTENSE,/r/MontagneParfums/comments/1iidc8a/wts_lightly_used_decantsample_bundle/,4.33,MFK BACCARAT ROUGE 540,/fragrance/le-bonbon-intense,TRUE,$45.00
1iidc8a,Sold,SICILIAN TOBACCO,/r/MontagneParfums/comments/1iidc8a/wts_lightly_used_decantsample_bundle/,4.33,XERJOFF NAXOS,/fragrance/siciliantobacco,FALSE,$40.00
1iidc8a,Sold,BOBCAT,/r/MontagneParfums/comments/1iidc8a/wts_lightly_used_decantsample_bundle/,4.33,YSL BABYCAT,/fragrance/bobcat,TRUE,$40.00
1iidc8a,Sold,PERCEVAL,/r/MontagneParfums/comments/1iidc8a/wts_lightly_used_decantsample_bundle/,4.33,PARFUMS DE MARLY PERCIVAL,/fragrance/perceval-inspired-by-parfums-de-marly-percival,FALSE,$40.00
1iidc8a,Sold,NOBLE OUD,/r/MontagneParfums/comments/1iidc8a/wts_lightly_used_decantsample_bundle/,4.33,PARFUMS DE MARLY HALTANE,/fragrance/noble-oud-inspired-by-parfums-de-marly-haltane,TRUE,$45.00
1iidc8a,Sold,STRAWBERRY MILK,/r/MontagneParfums/comments/1iidc8a/wts_lightly_used_decantsample_bundle/,4.33,MELANIE MARTINEZ CRY BABY PERFUME MILK,/fragrance/strawberry-milk-inspired-by-melanie-martinez-cry-baby-perfume-milk,FALSE,$40.00
1iidc8a,Sold,LA CIEL DE NUIT,/r/MontagneParfums/comments/1iidc8a/wts_lightly_used_decantsample_bundle/,4.33,DIOR SAUVAGE,/fragrance/la-ciel-de-nuit,FALSE,$40.00
1iidc8a,Sold,AMBRE MUSC,/r/MontagneParfums/comments/1iidc8a/wts_lightly_used_decantsample_bundle/,4.33,YSL TUXEDO,/fragrance/ambremusc,TRUE,$40.00
1iidc8a,Sold,MOI?,/r/MontagneParfums/comments/1iidc8a/wts_lightly_used_decantsample_bundle/,4.33,GLOSSIER YOU,/fragrance/moi,FALSE,$40.00
1iidc8a,Sold,MAISON DU SOIR,/r/MontagneParfums/comments/1iidc8a/wts_lightly_used_decantsample_bundle/,4.33,MAISON MARGIELA BY THE FIREPLACE,/fragrance/maisondusoir,FALSE,$40.00
1ihwjxo,WTS,LUVRS,/r/MontagneParfums/comments/1ihwjxo/wts_wtt_luvrs_bottle/,38,LOUIS VUITTON LOVERS,/fragrance/luvrs-inspired-by-louis-vuitton-lovers,FALSE,$45.00
1ighegy,WTS,TOBACCO NOIR,/r/MontagneParfums/comments/1ighegy/wts_tabacco_noir/,35,PARFUMS DE MARLY HEROD,/fragrance/tobacconoir,TRUE,$40.00
1ifjfr0,WTS,WAJAN,/r/MontagneParfums/comments/1ifjfr0/wtswajan_japanese_plum_decant_bottle/,42,PARFUMS DE MARLY OAJAN,/fragrance/wajan-inspired-by-parfums-de-marly-oajan,TRUE,$45.00
1ifjfr0,WTS,JAPANESE PLUM,/r/MontagneParfums/comments/1ifjfr0/wtswajan_japanese_plum_decant_bottle/,42,TOM FORD PLUM JAPONAIS,/fragrance/japanese-plum-inspired-by-tom-ford-plum-japonais,TRUE,$40.00
1ifda3f,WTS,PARFUM DE CERISE,/r/MontagneParfums/comments/1ifda3f/wts_parfums_de_cerise_bottle/,36,TOM FORD LOST CHERRY,/fragrance/parfum-de-cerise,TRUE,$40.00
1ieq004,Sold,PARFUM DE CERISE,/r/MontagneParfums/comments/1ieq004/wttwts_tache_de_cafe_le_monde_gourmand/,22,TOM FORD LOST CHERRY,/fragrance/parfum-de-cerise,TRUE,$40.00
1idavrv,WTS,PINEAPPLE BONBON,/r/MontagneParfums/comments/1idavrv/wts_pineapple_bonbon_bottle/,36,BR 540 AND CREED AVENTUS,/fragrance/pineapplebonbon,TRUE,$40.00
1idavrv,WTS,POGI,/r/MontagneParfums/comments/1idavrv/wts_pineapple_bonbon_bottle/,0,TIZIANA TERENZI POGGIA,/fragrance/pogi,TRUE,$40.00
1idarrx,WTS,VANILLE FRAICHE,/r/MontagneParfums/comments/1idarrx/wts_vanille_fraiche_amber_vanille_lepice_de_mer/,40,PARFUMS DE MARLY LAYTON,/fragrance/vanille-fraiche,TRUE,$40.00
1idarrx,WTS,AMBRE VANILLE,/r/MontagneParfums/comments/1idarrx/wts_vanille_fraiche_amber_vanille_lepice_de_mer/,45,PARFUMS DE MARLY ALTHAÏR,/fragrance/ambre-vanille-inspired-by-parfums-de-marly-althar,TRUE,$45.00
1idarrx,WTS,L'EPICE DE MER,/r/MontagneParfums/comments/1idarrx/wts_vanille_fraiche_amber_vanille_lepice_de_mer/,35,CREED VIKING,/fragrance/lepice-de-mer,FALSE,$40.00
1icz41o,Sold,EAU SANTAL,/r/MontagneParfums/comments/1icz41o/wts_eau_santal/,35,LE LABO SANTAL 33,/fragrance/eau-santal,TRUE,$40.00
1ickywg,Sold,IMAGINARY,/r/MontagneParfums/comments/1ickywg/wts_imaginary_afternoon_dive/,40,LOUIS VUITTON IMAGINATION,/fragrance/imaginary-inspired-by-louis-vuitton-imagination,TRUE,$50.00
1ickywg,Sold,AFTERNOON DIVE,/r/MontagneParfums/comments/1ickywg/wts_imaginary_afternoon_dive/,40,LOUIS VUITTON AFTERNOON SWIM,/fragrance/afternoon-dive,TRUE,$45.00
1ickywg,Sold,LA VELA,/r/MontagneParfums/comments/1ickywg/wts_imaginary_afternoon_dive/,20,TIZIANA TERENZI ORZA,/fragrance/la-vela,FALSE,$40.00
1iccg5s,WTS,SICILIAN TOBACCO,/r/MontagneParfums/comments/1iccg5s/wts_sicilian_tobacco_new_formulation_bottle/,71,XERJOFF NAXOS,/fragrance/siciliantobacco,FALSE,$40.00
1iccg5s,WTS,CARLYLE,/r/MontagneParfums/comments/1iccg5s/wts_sicilian_tobacco_new_formulation_bottle/,0,PARFUMS DE MARLY CARLISLE,/fragrance/carlyle-inspired-by-parfums-de-marly-carlisle,TRUE,$45.00
1ic4xzh,Sold,VANILLE FRAICHE,/r/MontagneParfums/comments/1ic4xzh/wts_vanille_fraiche_36_shipped/,36,PARFUMS DE MARLY LAYTON,/fragrance/vanille-fraiche,TRUE,$40.00
1iaebe3,WTS,LUVRS,/r/MontagneParfums/comments/1iaebe3/wts_luvrs_pink_rose_frozen_malay_aklan_cacti/,40,LOUIS VUITTON LOVERS,/fragrance/luvrs-inspired-by-louis-vuitton-lovers,FALSE,$45.00
1iaebe3,WTS,MALAY AKLAN,/r/MontagneParfums/comments/1iaebe3/wts_luvrs_pink_rose_frozen_malay_aklan_cacti/,40,CREED MILLESIME IMPERIAL,/fragrance/malayaklan,TRUE,$45.00
1iaebe3,WTS,CACTI GARDEN,/r/MontagneParfums/comments/1iaebe3/wts_luvrs_pink_rose_frozen_malay_aklan_cacti/,35,LOUIS VUITTON CACTUS GARDEN,/fragrance/cacti-garden-inspired-by-louis-vuitton-cactus-garden,FALSE,$40.00
1iaebe3,WTS,PINK ROSE FROZEN,/r/MontagneParfums/comments/1iaebe3/wts_luvrs_pink_rose_frozen_malay_aklan_cacti/,35,PARFUMS DE MARLY DELINA LA ROSÉE,/fragrance/pink-rose-frozen-inspired-by-parfums-de-marly-delina-la-rose,TRUE,$40.00
1i97mza,Sold,VANILLE ABSOLUTE,/r/MontagneParfums/comments/1i97mza/wts_vanille_a_cubicle_rl_and_bold_e_bottles/,35,NISHANE ANI,/fragrance/vanilleabsolute,FALSE,$40.00
1i97mza,Sold,CUBICLE FOR MEN,/r/MontagneParfums/comments/1i97mza/wts_vanille_a_cubicle_rl_and_bold_e_bottles/,34,FRAGRANCE ONE OFFICE FOR MEN,/fragrance/cubicleformen,TRUE,$40.00
1i97mza,Sold,BOLD EFFECT,/r/MontagneParfums/comments/1i97mza/wts_vanille_a_cubicle_rl_and_bold_e_bottles/,30,INITIO SIDE EFFECT,/fragrance/bold-effect-inspired-by-initio-side-effect,TRUE,$45.00
1i97mza,Sold,RUE LAFAYETTE,/r/MontagneParfums/comments/1i97mza/wts_vanille_a_cubicle_rl_and_bold_e_bottles/,35,BN9 LAFAYETTE STREET,/fragrance/rue-lafayette-inspired-by-bn9-lafayette-street,TRUE,$45.00
1i8rjz0,WTS,IMAGINARY,/r/MontagneParfums/comments/1i8rjz0/wts_decluttering_dupes_bottles/,36,LOUIS VUITTON IMAGINATION,/fragrance/imaginary-inspired-by-louis-vuitton-imagination,TRUE,$50.00
1i8rjz0,WTS,GEORGIA PEACH,/r/MontagneParfums/comments/1i8rjz0/wts_decluttering_dupes_bottles/,36,TOM FORD BITTER PEACH,/fragrance/georgia-peach,TRUE,$40.00
1i8rjz0,WTS,JAPANESE PLUM,/r/MontagneParfums/comments/1i8rjz0/wts_decluttering_dupes_bottles/,36,TOM FORD PLUM JAPONAIS,/fragrance/japanese-plum-inspired-by-tom-ford-plum-japonais,TRUE,$40.00
1i8rjz0,WTS,TORINO 2021,/r/MontagneParfums/comments/1i8rjz0/wts_decluttering_dupes_bottles/,36,XERJOFF TORINO21,/fragrance/torino-2021,FALSE,$40.00
1i8rjz0,WTS,BLEU TALISMAN,/r/MontagneParfums/comments/1i8rjz0/wts_decluttering_dupes_bottles/,36,EX NIHILO BLUE TALISMAN,/fragrance/u5r9io7pjobrurk43byiz5eojzswz0,FALSE,$45.00
1i8rjz0,WTS,PHANTOM NOIR,/r/MontagneParfums/comments/1i8rjz0/wts_decluttering_dupes_bottles/,36,KILIAN BLACK PHANTOM,/fragrance/phantomnoir,TRUE,$40.00
1i8rjz0,WTS,COGNAC D'ANGE,/r/MontagneParfums/comments/1i8rjz0/wts_decluttering_dupes_bottles/,36,KILIAN ANGEL'S SHARE,/fragrance/cognacangel,TRUE,$40.00
1i8rjz0,WTS,FEU ROUGE,/r/MontagneParfums/comments/1i8rjz0/wts_decluttering_dupes_bottles/,36,BDK PARFUMS ROUGE SMOKING,/fragrance/feu-rouge,TRUE,$40.00
1i8rjz0,WTS,STRAWBERRY MILK,/r/MontagneParfums/comments/1i8rjz0/wts_decluttering_dupes_bottles/,36,MELANIE MARTINEZ CRY BABY PERFUME MILK,/fragrance/strawberry-milk-inspired-by-melanie-martinez-cry-baby-perfume-milk,FALSE,$40.00
1i8rjz0,WTS,SWEET OUD,/r/MontagneParfums/comments/1i8rjz0/wts_decluttering_dupes_bottles/,36,ROJA SWEETIE AOUD,/fragrance/sweet-oud,FALSE,$40.00
1i8rjz0,WTS,SINFONIETTA,/r/MontagneParfums/comments/1i8rjz0/wts_decluttering_dupes_bottles/,36,XERJOFF SYMPHONIUM,/fragrance/sinfonietta-inspired-by-xerjoff-symphonium,TRUE,$40.00
1i8rjz0,WTS,ARABIAN ORIENT (MONTAGNE ORIGINAL),/r/MontagneParfums/comments/1i8rjz0/wts_decluttering_dupes_bottles/,36,Unknown,/fragrance/arabian-orient,TRUE,$40.00
1i8otf0,Sold,AFTERNOON DIVE,/r/MontagneParfums/comments/1i8otf0/wts_meteorite_afternoon_dive_tygr_cologne/,110,LOUIS VUITTON AFTERNOON SWIM,/fragrance/afternoon-dive,TRUE,$45.00
1i8otf0,Sold,TYGR COLOGNE,/r/MontagneParfums/comments/1i8otf0/wts_meteorite_afternoon_dive_tygr_cologne/,110,BULGARI LE GEMME TYGAR,/fragrance/tygr-cologne,TRUE,$45.00
1i7ml1j,WTS,BUKO INTENSE,/r/MontagneParfums/comments/1i7ml1j/wts_buko_intense_bottle/,35,CREED VIRGIN ISLAND WATER,/fragrance/buko-intense,TRUE,$45.00
1i7j1t7,Sold,METEORITE,/r/MontagneParfums/comments/1i7j1t7/wts_meteorite_50ml_partial/,33,LOUIS VUITTON METEORE,/fragrance/meteorite-inspired-by-louis-vuitton-meteore,TRUE,$45.00
1i6wxfa,Sold,TYGR COLOGNE,/r/MontagneParfums/comments/1i6wxfa/wts_tygr_cologne_decants/,37,BULGARI LE GEMME TYGAR,/fragrance/tygr-cologne,TRUE,$45.00
1i6wxfa,Sold,BOLD EFFECT,/r/MontagneParfums/comments/1i6wxfa/wts_tygr_cologne_decants/,10,INITIO SIDE EFFECT,/fragrance/bold-effect-inspired-by-initio-side-effect,TRUE,$45.00
1i6wxfa,Sold,MALAY AKLAN,/r/MontagneParfums/comments/1i6wxfa/wts_tygr_cologne_decants/,10,CREED MILLESIME IMPERIAL,/fragrance/malayaklan,TRUE,$45.00
1i6wxfa,Sold,VANILLE FRAICHE,/r/MontagneParfums/comments/1i6wxfa/wts_tygr_cologne_decants/,10,PARFUMS DE MARLY LAYTON,/fragrance/vanille-fraiche,TRUE,$40.00
1i6sfll,Sold,SICILIAN TOBACCO,/r/MontagneParfums/comments/1i6sfll/wts_a_buttload_of_decants/,70,XERJOFF NAXOS,/fragrance/siciliantobacco,FALSE,$40.00
1i6sfll,Sold,BOBCAT,/r/MontagneParfums/comments/1i6sfll/wts_a_buttload_of_decants/,70,YSL BABYCAT,/fragrance/bobcat,TRUE,$40.00
1i6sfll,Sold,LE BONBON INTENSE,/r/MontagneParfums/comments/1i6sfll/wts_a_buttload_of_decants/,70,MFK BACCARAT ROUGE 540,/fragrance/le-bonbon-intense,TRUE,$45.00
1i6sfll,Sold,STRAWBERRY MILK,/r/MontagneParfums/comments/1i6sfll/wts_a_buttload_of_decants/,70,MELANIE MARTINEZ CRY BABY PERFUME MILK,/fragrance/strawberry-milk-inspired-by-melanie-martinez-cry-baby-perfume-milk,FALSE,$40.00
1i6sfll,Sold,PALISADE,/r/MontagneParfums/comments/1i6sfll/wts_a_buttload_of_decants/,70,MIND GAMES BLOCKADE,/fragrance/palisade-inspired-by-mind-games-blockade,FALSE,$45.00
1i6sfll,Sold,WAJAN,/r/MontagneParfums/comments/1i6sfll/wts_a_buttload_of_decants/,70,PARFUMS DE MARLY OAJAN,/fragrance/wajan-inspired-by-parfums-de-marly-oajan,TRUE,$45.00
1i6sfll,Sold,NOBLE OUD,/r/MontagneParfums/comments/1i6sfll/wts_a_buttload_of_decants/,70,PARFUMS DE MARLY HALTANE,/fragrance/noble-oud-inspired-by-parfums-de-marly-haltane,TRUE,$45.00
1i6sfll,Sold,AOUD BOUQUET,/r/MontagneParfums/comments/1i6sfll/wts_a_buttload_of_decants/,70,LANCOME OUD BOUQUET,/fragrance/aoud-bouquet,TRUE,$40.00
1i6sfll,Sold,PERCEVAL,/r/MontagneParfums/comments/1i6sfll/wts_a_buttload_of_decants/,70,PARFUMS DE MARLY PERCIVAL,/fragrance/perceval-inspired-by-parfums-de-marly-percival,FALSE,$40.00
1i6sfll,Sold,EAU DE MONTAGNE,/r/MontagneParfums/comments/1i6sfll/wts_a_buttload_of_decants/,70,CREED SILVER MOUNTAIN WATER,/fragrance/eaudemontagne,FALSE,$45.00
1i6sfll,Sold,TYGR COLOGNE,/r/MontagneParfums/comments/1i6sfll/wts_a_buttload_of_decants/,70,BULGARI LE GEMME TYGAR,/fragrance/tygr-cologne,TRUE,$45.00
1i6sfll,Sold,MAISON DU SOIR,/r/MontagneParfums/comments/1i6sfll/wts_a_buttload_of_decants/,70,MAISON MARGIELA BY THE FIREPLACE,/fragrance/maisondusoir,FALSE,$40.00
1i6sfll,Sold,AMBRE MUSC,/r/MontagneParfums/comments/1i6sfll/wts_a_buttload_of_decants/,70,YSL TUXEDO,/fragrance/ambremusc,TRUE,$40.00
1i69u80,WTS,EAU NOIR,/r/MontagneParfums/comments/1i69u80/wtseau_noir_vanille_fraiche_ambre_musc_bottle/,30,LE LABO THE NOIR 29,/fragrance/eau-noir-inspired-by-le-labo-the-noir-29,FALSE,$40.00
1i69u80,WTS,AMBRE MUSC,/r/MontagneParfums/comments/1i69u80/wtseau_noir_vanille_fraiche_ambre_musc_bottle/,30,YSL TUXEDO,/fragrance/ambremusc,TRUE,$40.00
1i69u80,WTS,VANILLE FRAICHE,/r/MontagneParfums/comments/1i69u80/wtseau_noir_vanille_fraiche_ambre_musc_bottle/,29,PARFUMS DE MARLY LAYTON,/fragrance/vanille-fraiche,TRUE,$40.00
1i5yhrj,Sold,COGNAC D'ANGE,/r/MontagneParfums/comments/1i5yhrj/wts_cognac_dange/,34,KILIAN ANGEL'S SHARE,/fragrance/cognacangel,TRUE,$40.00
1i5vsa4,Sold,TYGR,/r/MontagneParfums/comments/1i5vsa4/wts_tygr_cologne_ciel_elixir/,75,BULGARI TYGAR,/fragrance/tygr,FALSE,$40.00
1i5vo9z,WTS,EAU NOIR,/r/MontagneParfums/comments/1i5vo9z/wtswtt_eau_noir_eau_matcha_practically_brand_new/,38,LE LABO THE NOIR 29,/fragrance/eau-noir-inspired-by-le-labo-the-noir-29,FALSE,$40.00
1i5vo9z,WTS,EAU MATCHA,/r/MontagneParfums/comments/1i5vo9z/wtswtt_eau_noir_eau_matcha_practically_brand_new/,38,LE LABO THE MATCHA 26,/fragrance/eau-matcha,TRUE,$40.00
1i346z5,Sold,BLEU OUD,/r/MontagneParfums/comments/1i346z5/wts_bleu_oud/,38,FRAGRANCE DU BOIS BLEU INTENSE,/fragrance/bleuoud,TRUE,$40.00
1i2p6q4,Sold,OUD BOIS,/r/MontagneParfums/comments/1i2p6q4/wts_wtt_oud_bois_eau_santal_alexander_ii_gingham/,,TOM FORD OUD WOOD,/fragrance/oud-bois,FALSE,$40.00
1i2p6q4,Sold,EAU SANTAL,/r/MontagneParfums/comments/1i2p6q4/wts_wtt_oud_bois_eau_santal_alexander_ii_gingham/,,LE LABO SANTAL 33,/fragrance/eau-santal,TRUE,$40.00
1i2p6q4,Sold,ALEXANDER II,/r/MontagneParfums/comments/1i2p6q4/wts_wtt_oud_bois_eau_santal_alexander_ii_gingham/,,XERJOFF ALEXANDRIA II,/fragrance/alexander2,TRUE,$45.00
1i2p6q4,Sold,GINGHAM GREEN,/r/MontagneParfums/comments/1i2p6q4/wts_wtt_oud_bois_eau_santal_alexander_ii_gingham/,,PARFUMS DE MARLY GREENLEY,/fragrance/gingham-green-inspired-by-pdm-greenley,TRUE,$45.00
1i2p6q4,Sold,TYGR,/r/MontagneParfums/comments/1i2p6q4/wts_wtt_oud_bois_eau_santal_alexander_ii_gingham/,,BULGARI TYGAR,/fragrance/tygr,FALSE,$40.00
1i21eqk,Sold,BOLD EFFECT,/r/MontagneParfums/comments/1i21eqk/wts_bold_effect_buko_intense_bobcat/,42,INITIO SIDE EFFECT,/fragrance/bold-effect-inspired-by-initio-side-effect,TRUE,$45.00
1i21eqk,Sold,BUKO INTENSE,/r/MontagneParfums/comments/1i21eqk/wts_bold_effect_buko_intense_bobcat/,42,CREED VIRGIN ISLAND WATER,/fragrance/buko-intense,TRUE,$45.00
1i21eqk,Sold,BOBCAT,/r/MontagneParfums/comments/1i21eqk/wts_bold_effect_buko_intense_bobcat/,35,YSL BABYCAT,/fragrance/bobcat,TRUE,$40.00
1i1sxws,WTS,AFTERNOON DIVE,/r/MontagneParfums/comments/1i1sxws/wts_bundle_afternoon_dive_inaginary_vanilla/,130,LOUIS VUITTON AFTERNOON SWIM,/fragrance/afternoon-dive,TRUE,$45.00
1i1sxws,WTS,IMAGINARY,/r/MontagneParfums/comments/1i1sxws/wts_bundle_afternoon_dive_inaginary_vanilla/,130,LOUIS VUITTON IMAGINATION,/fragrance/imaginary-inspired-by-louis-vuitton-imagination,TRUE,$50.00
1i1sxws,WTS,VANILLE FRAICHE,/r/MontagneParfums/comments/1i1sxws/wts_bundle_afternoon_dive_inaginary_vanilla/,130,PARFUMS DE MARLY LAYTON,/fragrance/vanille-fraiche,TRUE,$40.00
1i1sxws,WTS,MALAY AKLAN,/r/MontagneParfums/comments/1i1sxws/wts_bundle_afternoon_dive_inaginary_vanilla/,130,CREED MILLESIME IMPERIAL,/fragrance/malayaklan,TRUE,$45.00
1i1sxws,WTS,IMAGE,/r/MontagneParfums/comments/1i1sxws/wts_bundle_afternoon_dive_inaginary_vanilla/,70,AMOUAGE REFLECTION MAN,/fragrance/image,FALSE,$40.00
1hzcaaf,WTS,EAU BERGAMOTE,/r/MontagneParfums/comments/1hzcaaf/wtswtt_bundle/,115,LE LABO BERGAMOTE 22,/fragrance/eaubergamote,TRUE,$40.00
1hzcaaf,WTS,NOVILLO LEATHER,/r/MontagneParfums/comments/1hzcaaf/wtswtt_bundle/,115,BDK PARFUMS CREME DE CUIR,/fragrance/novillo-leather,TRUE,$40.00
1hzcaaf,WTS,INTERMISSION,/r/MontagneParfums/comments/1hzcaaf/wtswtt_bundle/,115,AMOUAGE INTERLUDE MEN,/fragrance/intermission,FALSE,$40.00
1hzcaaf,WTS,VANILLE FRAICHE,/r/MontagneParfums/comments/1hzcaaf/wtswtt_bundle/,115,PARFUMS DE MARLY LAYTON,/fragrance/vanille-fraiche,TRUE,$40.00
1hzcaaf,WTS,PALISADE,/r/MontagneParfums/comments/1hzcaaf/wtswtt_bundle/,115,MIND GAMES BLOCKADE,/fragrance/palisade-inspired-by-mind-games-blockade,FALSE,$45.00
1hz8g0a,WTS,PARFUM DE CERISE,/r/MontagneParfums/comments/1hz8g0a/wts_parfum_de_cerise_bottle/,36,TOM FORD LOST CHERRY,/fragrance/parfum-de-cerise,TRUE,$40.00
1hz6wd1,Sold,ELYSIAN INTENSE,/r/MontagneParfums/comments/1hz6wd1/wts_elysian_intense/,42,ROJA ELYSIUM COLOGNE,/fragrance/elysianintense,TRUE,$50.00
1hwsor4,Sold,SOLEIL BRULE ISNPIRED BY TOM FORD SOLEIL BRULANT,/r/MontagneParfums/comments/1hwsor4/wts_lv_bundle/,120,Unknown,/fragrance/soleil-brule,FALSE,$45.00
1hvwvq2,Sold,MARINE ZEST,/r/MontagneParfums/comments/1hvwvq2/wtt_wts_marine_zest/,35,FRAGRANCE DU BOIS ZEST MARIN,/fragrance/marine-zest-inspired-by-fragrance-du-bois-zest-marin,TRUE,$40.00
1hvvai0,Sold,CIEL ELIXIR,/r/MontagneParfums/comments/1hvvai0/wts_ciel_elixir/,40,DIOR SAUVAGE ELIXIR,/fragrance/ciel-elixir,FALSE,$40.00
1hvvai0,Sold,AMBRE MUSC,/r/MontagneParfums/comments/1hvvai0/wts_ciel_elixir/,0,YSL TUXEDO,/fragrance/ambremusc,TRUE,$40.00
1hvvai0,Sold,OUD AMBRE ABSOLU,/r/MontagneParfums/comments/1hvvai0/wts_ciel_elixir/,0,ROJA AMBER AOUD ABSOLUE PRECIEUX,/fragrance/oud-ambre-absolu,FALSE,$45.00
1hvhefe,Sold,TABAC VANILLE,/r/MontagneParfums/comments/1hvhefe/wts_tabac_vanille/,35,TOM FORD TOBACCO VANILLE,/fragrance/tabac-vanille,FALSE,$40.00
1hup85z,WTS,WAJAN,/r/MontagneParfums/comments/1hup85z/wts_wajan_35_shipped/,35,PARFUMS DE MARLY OAJAN,/fragrance/wajan-inspired-by-parfums-de-marly-oajan,TRUE,$45.00
1htzzou,WTS,EAU DE MONTAGNE,/r/MontagneParfums/comments/1htzzou/wts_fullpartial_bottles_and_hawas/,35,CREED SILVER MOUNTAIN WATER,/fragrance/eaudemontagne,FALSE,$45.00
1htzzou,WTS,TYGR COLOGNE,/r/MontagneParfums/comments/1htzzou/wts_fullpartial_bottles_and_hawas/,35,BULGARI LE GEMME TYGAR,/fragrance/tygr-cologne,TRUE,$45.00
1htzzou,WTS,AFTERNOON DIVE,/r/MontagneParfums/comments/1htzzou/wts_fullpartial_bottles_and_hawas/,35,LOUIS VUITTON AFTERNOON SWIM,/fragrance/afternoon-dive,TRUE,$45.00
1htzzou,WTS,IMMENSITY,/r/MontagneParfums/comments/1htzzou/wts_fullpartial_bottles_and_hawas/,35,l'IMMENSITE BY LOUIS VUITTON,/fragrance/immensity-inspired-by-limmensite-by-louis-vuitton,FALSE,$45.00
1htzzou,WTS,AQUA FORTE,/r/MontagneParfums/comments/1htzzou/wts_fullpartial_bottles_and_hawas/,35,MFK AQUA VITAE FORTE,/fragrance/aqua-forte,FALSE,$45.00
1htzzou,WTS,TABAC HAVANE (MONTAGNE ORIGINAL),/r/MontagneParfums/comments/1htzzou/wts_fullpartial_bottles_and_hawas/,25,Unknown,/fragrance/tabac-havane,FALSE,$60.00
1htym7v,WTT,MONKEY SPECIAL,/r/MontagneParfums/comments/1htym7v/wtt_wts_monkey_special_gingham_green/,45,XERJOFF TONY IOMMI MONKEY SPECIAL,/fragrance/monkey-special-inspired-by-xerjoff-tony-iommi-monkey-special,TRUE,$45.00
1htym7v,WTT,GINGHAM GREEN,/r/MontagneParfums/comments/1htym7v/wtt_wts_monkey_special_gingham_green/,45,PARFUMS DE MARLY GREENLEY,/fragrance/gingham-green-inspired-by-pdm-greenley,TRUE,$45.00
1htvmve,WTT,NOBLE OUD,/r/MontagneParfums/comments/1htvmve/wttwts_99_noble_oud/,99,PARFUMS DE MARLY HALTANE,/fragrance/noble-oud-inspired-by-parfums-de-marly-haltane,TRUE,$45.00
1hte86k,Sold,GALILEAN,/r/MontagneParfums/comments/1hte86k/wts_montagne_galilean_683_partial_bottle_only_35/,35,MARC ANTOINE BARROIS GANYMEDE EDP,/fragrance/galilean,TRUE,$45.00
1hszhs6,WTS,AFTERNOON DIVE,/r/MontagneParfums/comments/1hszhs6/wts_a_bundle/,120,LOUIS VUITTON AFTERNOON SWIM,/fragrance/afternoon-dive,TRUE,$45.00
1hszhs6,WTS,PARFUM DE CERISE,/r/MontagneParfums/comments/1hszhs6/wts_a_bundle/,120,TOM FORD LOST CHERRY,/fragrance/parfum-de-cerise,TRUE,$40.00
1hszhs6,WTS,BROOKLYN JAZZ,/r/MontagneParfums/comments/1hszhs6/wts_a_bundle/,120,MAISON MARGIELA JAZZ CLUB,/fragrance/brooklynjazz,TRUE,$40.00
1hszhs6,WTS,CHILLY PINEAPPLE,/r/MontagneParfums/comments/1hszhs6/wts_a_bundle/,120,PACIFIC CHILL AND AVENTUS COLOGNE,/fragrance/chilly-pineapple,TRUE,$45.00
1hrbbo3,Sold,BOLD EFFECT,/r/MontagneParfums/comments/1hrbbo3/wtswtt_bold_effect_and_monkey_special/,80,INITIO SIDE EFFECT,/fragrance/bold-effect-inspired-by-initio-side-effect,TRUE,$45.00
1hrbbo3,Sold,MONKEY SPECIAL,/r/MontagneParfums/comments/1hrbbo3/wtswtt_bold_effect_and_monkey_special/,80,XERJOFF TONY IOMMI MONKEY SPECIAL,/fragrance/monkey-special-inspired-by-xerjoff-tony-iommi-monkey-special,TRUE,$45.00
1hqi374,WTS,ARCTIC PALACE,/r/MontagneParfums/comments/1hqi374/wts_imaginary_torino22_arctic_palace/,105,MEMO WINTER PALACE,/fragrance/arcticpalace,FALSE,$40.00
1hokmqz,Sold,ELYSIAN COLOGNE,/r/MontagneParfums/comments/1hokmqz/wts_rue_lafayette_elysian_cologne_cubicle/,90,ROJA ELYSIUM COLOGNE,/fragrance/elysiancologne,TRUE,$45.00
1hnhxl8,WTS,SOLEIL BRULE ISNPIRED BY TOM FORD SOLEIL BRULANT,/r/MontagneParfums/comments/1hnhxl8/wtswtt_soleil_brule_decants/,35,Unknown,/fragrance/soleil-brule,FALSE,$45.00
1hnhxl8,WTS,JAPANESE PLUM,/r/MontagneParfums/comments/1hnhxl8/wtswtt_soleil_brule_decants/,5,TOM FORD PLUM JAPONAIS,/fragrance/japanese-plum-inspired-by-tom-ford-plum-japonais,TRUE,$40.00
1hnhxl8,WTS,SICILIAN TOBACCO,/r/MontagneParfums/comments/1hnhxl8/wtswtt_soleil_brule_decants/,5,XERJOFF NAXOS,/fragrance/siciliantobacco,FALSE,$40.00
1hnhxl8,WTS,OUD AMBRE ABSOLU,/r/MontagneParfums/comments/1hnhxl8/wtswtt_soleil_brule_decants/,12,ROJA AMBER AOUD ABSOLUE PRECIEUX,/fragrance/oud-ambre-absolu,FALSE,$45.00
1hnhi1h,WTS,AFTERNOON DIVE,/r/MontagneParfums/comments/1hnhi1h/wts_meteorite_tygr_cologne_afternoon_dive/,35,LOUIS VUITTON AFTERNOON SWIM,/fragrance/afternoon-dive,TRUE,$45.00
1hmwxti,Sold,STALLION EXCLUSIF,/r/MontagneParfums/comments/1hmwxti/wttwts_stallion_exclusif_soleil_brule/,,PARFUMS DE MARLY PEGASUS EXCLUSIF,/fragrance/stallion-exclusif,TRUE,$45.00
1hmsf3s,WTS,PARFUM DE CERISE,/r/MontagneParfums/comments/1hmsf3s/wtswtt_parfum_de_cerise_eau_vanille_for_cognac/,35,TOM FORD LOST CHERRY,/fragrance/parfum-de-cerise,TRUE,$40.00
1hmsf3s,WTS,EAU VANILLE,/r/MontagneParfums/comments/1hmsf3s/wtswtt_parfum_de_cerise_eau_vanille_for_cognac/,35,LE LABO 44 VANILLE PARIS CITY,/fragrance/eau-vanille,FALSE,$40.00
1hm5c47,Sold,WAJAN,/r/MontagneParfums/comments/1hm5c47/wts_wajan_bottle/,40,PARFUMS DE MARLY OAJAN,/fragrance/wajan-inspired-by-parfums-de-marly-oajan,TRUE,$45.00
1hkyyak,WTS,COGNAC D'ANGE,/r/MontagneParfums/comments/1hkyyak/wts_cognac_dange/,35,KILIAN ANGEL'S SHARE,/fragrance/cognacangel,TRUE,$40.00
1hkowq9,Sold,RUE LAFAYETTE,/r/MontagneParfums/comments/1hkowq9/wts_rue_lafayette/,,BN9 LAFAYETTE STREET,/fragrance/rue-lafayette-inspired-by-bn9-lafayette-street,TRUE,$45.00
1hkowq9,Sold,ELYSIAN INTENSE,/r/MontagneParfums/comments/1hkowq9/wts_rue_lafayette/,,ROJA ELYSIUM COLOGNE,/fragrance/elysianintense,TRUE,$50.00
1hk8ocn,Sold,TYGR COLOGNE,/r/MontagneParfums/comments/1hk8ocn/wts_new_tygr_cologne_and_afnan_turathi_blue/,,BULGARI LE GEMME TYGAR,/fragrance/tygr-cologne,TRUE,$45.00
1hk8ocn,Sold,NOBLE OUD,/r/MontagneParfums/comments/1hk8ocn/wts_new_tygr_cologne_and_afnan_turathi_blue/,,PARFUMS DE MARLY HALTANE,/fragrance/noble-oud-inspired-by-parfums-de-marly-haltane,TRUE,$45.00
1hjoe1s,Sold,CANNOLI,/r/MontagneParfums/comments/1hjoe1s/wtswtt_black_friday_deals_bottle/,25,XERJOFF ITALICA,/fragrance/cannoli,TRUE,$40.00
1hjoe1s,Sold,PALISADE,/r/MontagneParfums/comments/1hjoe1s/wtswtt_black_friday_deals_bottle/,25,MIND GAMES BLOCKADE,/fragrance/palisade-inspired-by-mind-games-blockade,FALSE,$45.00
1hjoe1s,Sold,OUD BOIS,/r/MontagneParfums/comments/1hjoe1s/wtswtt_black_friday_deals_bottle/,25,TOM FORD OUD WOOD,/fragrance/oud-bois,FALSE,$40.00
1hjkdoc,Sold,PINEAPPLE FRAIS,/r/MontagneParfums/comments/1hjkdoc/wts_pineapple_frais_others/,33,CREED AVENTUS COLOGNE,/fragrance/pineapplefrais,TRUE,$40.00
1hjkdoc,Sold,AMBRE VANILLE,/r/MontagneParfums/comments/1hjkdoc/wts_pineapple_frais_others/,105,PARFUMS DE MARLY ALTHAÏR,/fragrance/ambre-vanille-inspired-by-parfums-de-marly-althar,TRUE,$45.00
1hjkdoc,Sold,LA CIEL DE NUIT,/r/MontagneParfums/comments/1hjkdoc/wts_pineapple_frais_others/,30,DIOR SAUVAGE,/fragrance/la-ciel-de-nuit,FALSE,$40.00
1hjkdoc,Sold,OUD AMBRE ABSOLU,/r/MontagneParfums/comments/1hjkdoc/wts_pineapple_frais_others/,30,ROJA AMBER AOUD ABSOLUE PRECIEUX,/fragrance/oud-ambre-absolu,FALSE,$45.00
1hjkdoc,Sold,IMAGE,/r/MontagneParfums/comments/1hjkdoc/wts_pineapple_frais_others/,30,AMOUAGE REFLECTION MAN,/fragrance/image,FALSE,$40.00
1hjkdoc,Sold,HARMONY,/r/MontagneParfums/comments/1hjkdoc/wts_pineapple_frais_others/,30,LOUIS VUITTON SYMPHONY,/fragrance/harmony-inspired-by-louis-vuitton-symphony,FALSE,$45.00
1hi7ill,WTS,CUBICLE FOR MEN,/r/MontagneParfums/comments/1hi7ill/wts_cubicle_for_men_oud_verde/,40,FRAGRANCE ONE OFFICE FOR MEN,/fragrance/cubicleformen,TRUE,$40.00
1hhqnhz,WTS,AOUD MARACUJA,/r/MontagneParfums/comments/1hhqnhz/wts_aoud_maracuja_vanille_absolute/,40,MAISON CRIVELLI OUD MARACUJÁ,/fragrance/aoud-maracuja-inspired-by-maison-crivelli-oud-maracuj,TRUE,$45.00
1hhqnhz,WTS,VANILLE ABSOLUTE,/r/MontagneParfums/comments/1hhqnhz/wts_aoud_maracuja_vanille_absolute/,28,NISHANE ANI,/fragrance/vanilleabsolute,FALSE,$40.00
1hhgyim,Sold,AOUD MARACUJA,/r/MontagneParfums/comments/1hhgyim/wts_aoud_maracuja/,40,MAISON CRIVELLI OUD MARACUJÁ,/fragrance/aoud-maracuja-inspired-by-maison-crivelli-oud-maracuj,TRUE,$45.00
